n = 0.549, m = 0.612, TD50 = 32.64 Gy.

gEUD tox from patients
18.064754165333788 0.0
45.525624858500876 1.0
31.155252155795658 1.0
44.33235218441271 1.0
43.196826782187856 1.0
36.74916260412502 1.0
31.489241106508224 0.0
41.451213694745235 1.0
42.217618114460215 0.0
12.73662485850088 0.0
7.472669777421456 0.0
14.90205697614935 0.0
16.40515671859589 1.0
30.87736237518861 1.0
21.189258041324788 0.0
9.304122848962752 0.0
50.60389724641854 0.0
31.550973310007844 0.0
35.522179825112104 1.0

gEUD LKB from model
0.0 0.05103078571244873
0.1 0.051557533790707634
0.2 0.05208859818312953
0.30000000000000004 0.052624000988914725
0.4 0.053163764270686836
0.5 0.05370791005248703
0.6000000000000001 0.05425646031775414
0.7000000000000001 0.05480943700729156
0.8 0.05536686201722047
0.9 0.05592875719692167
1.0 0.05649514434696593
1.1 0.057066045217026025
1.2000000000000002 0.057641481503782815
1.3 0.05822147484881793
1.4000000000000001 0.05880604683648936
1.5 0.05939521899180223
1.6 0.05998901277826399
1.7000000000000002 0.060587449595728766
1.8 0.061190550778230664
1.9000000000000001 0.06179833759180576
2.0 0.06241083123230486
2.1 0.06302805282319293
2.2 0.06365002341334063
2.3000000000000003 0.06427676397480321
2.4000000000000004 0.06490829540059356
2.5 0.06554463850243951
2.6 0.06618581400853535
2.7 0.06683184256128727
2.8000000000000003 0.06748274471504055
2.9000000000000004 0.06813854093380747
3.0 0.06879925158898102
3.1 0.06946489695704107
3.2 0.07013549721725479
3.3000000000000003 0.07081107244936681
3.4000000000000004 0.07149164263128271
3.5 0.07217722763674407
3.6 0.07286784723299901
3.7 0.07356352107846394
3.8000000000000003 0.07426426872037756
3.9000000000000004 0.074970109592453
4.0 0.0756810630125189
4.1000000000000005 0.07639714818015847
4.2 0.07711838417433951
4.3 0.07784478995104452
4.4 0.0785763843408915
4.5 0.07931318604675018
4.6000000000000005 0.08005521364135741
4.7 0.08080248556492553
4.800000000000001 0.08155502012274958
4.9 0.08231283548280642
5.0 0.08307594967335612
5.1000000000000005 0.08384438058054035
5.2 0.0846181459459718
5.300000000000001 0.0853972633643294
5.4 0.08618175028094865
5.5 0.0869716239894081
5.6000000000000005 0.08776690162911785
5.7 0.08856760018290617
5.800000000000001 0.08937373647460646
5.9 0.09018532716664031
6.0 0.09100238875760791
6.1000000000000005 0.0918249375798698
6.2 0.09265298979713828
6.300000000000001 0.09348656140206196
6.4 0.09432566821381842
6.5 0.09517032587570738
6.6000000000000005 0.09602054985274006
6.7 0.0968763554292398
6.800000000000001 0.09773775770644026
6.9 0.09860477160008697
7.0 0.09947741183804533
7.1000000000000005 0.10035569295790928
7.2 0.1012396293046188
7.300000000000001 0.1021292350280733
7.4 0.10302452408076353
7.5 0.10392551021539448
7.6000000000000005 0.10483220698252413
7.7 0.10574462772820507
7.800000000000001 0.10666278559163112
7.9 0.10758669350279342
8.0 0.10851636418014152
8.1 0.10945181012825243
8.200000000000001 0.11039304363551175
8.3 0.11134007677179512
8.4 0.11229292138616653
8.5 0.11325158910457919
8.6 0.11421609132759149
8.700000000000001 0.11518643922808691
8.8 0.11616264374901142
8.9 0.11714471560111316
9.0 0.11813266526070007
9.1 0.11912650296740418
9.200000000000001 0.12012623872196196
9.3 0.1211318822840005
9.4 0.12214344316984338
9.5 0.12316093065032477
9.600000000000001 0.12418435374861571
9.700000000000001 0.1252137212380722
9.8 0.12624904164008183
9.9 0.12729032322194284
10.0 0.12833757399474577
10.100000000000001 0.1293908017112708
10.200000000000001 0.13045001386390898
10.3 0.13151521768259022
10.4 0.13258642013272912
10.5 0.13366362791319544
10.600000000000001 0.13474684745428742
10.700000000000001 0.13583608491573734
10.8 0.13693134618472225
10.9 0.13803263687390077
11.0 0.1391399623194671
11.100000000000001 0.14025332757921824
11.200000000000001 0.14137273743064832
11.3 0.14249819636905614
11.4 0.14362970860567742
11.5 0.1447672780658317
11.600000000000001 0.14591090838709564
11.700000000000001 0.14706060291749412
11.8 0.14821636471371202
11.9 0.1493781965393273
12.0 0.15054610086307185
12.100000000000001 0.15172007985710712
12.200000000000001 0.15290013539532404
12.3 0.1540862690516712
12.4 0.15527848209849834
12.5 0.1564767755049305
12.600000000000001 0.1576811499352626
12.700000000000001 0.1588916057473777
12.8 0.1601081429911936
12.9 0.16133076140712943
13.0 0.162559460424601
13.100000000000001 0.16379423916054145
13.200000000000001 0.1650350964179463
13.3 0.16628203068444705
13.4 0.1675350401309051
13.5 0.16879412261004528
13.600000000000001 0.17005927565510084
13.700000000000001 0.1713304964784958
13.8 0.172607781970556
13.9 0.1738911286982386
14.0 0.17518053290390134
14.100000000000001 0.17647599050409216
14.200000000000001 0.17777749708837118
14.3 0.17908504791816116
14.4 0.18039863792562716
14.5 0.1817182617125861
14.600000000000001 0.18304391354944557
14.700000000000001 0.18437558737417434
14.8 0.18571327679129934
14.9 0.18705697507094146
15.0 0.18840667514787043
15.100000000000001 0.18976236962060192
15.200000000000001 0.19112405075052016
15.3 0.19249171046103108
15.4 0.19386534033675415
15.5 0.19524493162273676
15.600000000000001 0.19663047522370777
15.700000000000001 0.1980219617033631
15.8 0.19941938128367825
15.9 0.20082272384426128
16.0 0.2022319789217339
16.1 0.20364713570914553
16.2 0.2050681830554265
16.3 0.20649510946486516
16.400000000000002 0.20792790309662854
16.5 0.2093665517643114
16.6 0.2108110429355206
16.7 0.21226136373149307
16.8 0.21371750092674993
16.900000000000002 0.21517944094878397
17.0 0.21664716987778143
17.1 0.21812067344637864
17.2 0.21959993703945568
17.3 0.22108494569396225
17.400000000000002 0.22257568409878173
17.5 0.22407213659462596
17.6 0.2255742871739716
17.7 0.22708211948102638
17.8 0.22859561681173401
17.900000000000002 0.23011476211381426
18.0 0.23163953798683978
18.1 0.23316992668234696
18.2 0.23470591010398228
18.3 0.23624746980768735
18.400000000000002 0.23779458700191894
18.5 0.2393472425479045
18.6 0.24090541695993267
18.7 0.24246909040568385
18.8 0.24403824270659433
18.900000000000002 0.2456128533382562
19.0 0.24719290143085548
19.1 0.24877836576964454
19.200000000000003 0.25036922479545504
19.3 0.2519654566052405
19.400000000000002 0.25356703895266236
19.5 0.25517394924870646
19.6 0.25678616456234127
19.700000000000003 0.2584036616212089
19.8 0.2600264168123528
19.900000000000002 0.2616544061829829
20.0 0.2632876054412784
20.1 0.2649259899572214
20.200000000000003 0.26656953476347583
20.3 0.26821821455629197
20.400000000000002 0.2698720036964559
20.5 0.27153087621027033
20.6 0.27319480579057237
20.700000000000003 0.27486376579778976
20.8 0.27653772926102854
20.900000000000002 0.2782166688792001
21.0 0.2799005570221817
21.1 0.2815893657320166
21.200000000000003 0.28328306672414344
21.3 0.28498163138866583
21.400000000000002 0.2866850307916574
21.5 0.28839323567649827
21.6 0.290106216465252
21.700000000000003 0.2918239432600703
21.8 0.2935463858446427
21.900000000000002 0.29527351368567134
22.0 0.2970052959343841
22.1 0.2987417014280845
22.200000000000003 0.30048269869173305
22.3 0.30222825593956343
22.400000000000002 0.30397834107673233
22.5 0.30573292170100586
22.6 0.30749196510447474
22.700000000000003 0.309255438275307
22.8 0.31102330789953414
22.900000000000002 0.3127955403628666
23.0 0.31457210175254724
23.1 0.3163529578592342
23.200000000000003 0.31813807417891654
23.3 0.31992741591486507
23.400000000000002 0.32172094797961154
23.5 0.32351863499696315
23.6 0.32532044130404786
23.700000000000003 0.32712633095338867
23.8 0.32893626771501366
23.900000000000002 0.33075021507859514
24.0 0.3325681362556168
24.1 0.3343899941815793
24.200000000000003 0.3362157515182263
24.3 0.33804537065580914
24.400000000000002 0.339878813715376
24.5 0.3417160425510949
24.6 0.3435570187526021
24.700000000000003 0.34540170364738365
24.8 0.3472500583031829
24.900000000000002 0.349102043530438
25.0 0.35095761988474766
25.1 0.3528167476693647
25.200000000000003 0.3546793869377185
25.3 0.35654549749596354
25.400000000000002 0.3584150389055572
25.5 0.3602879704858619
25.6 0.36216425131677693
25.700000000000003 0.36404384024139425
25.8 0.3659266958686831
25.900000000000002 0.3678127765761961
26.0 0.36970204051280636
26.1 0.3715944456014667
26.200000000000003 0.37348994954199377
26.3 0.3753885098138771
26.400000000000002 0.37729008367911354
26.5 0.379194628185064
26.6 0.3811021001673365
26.700000000000003 0.3830124562526887
26.8 0.38492565286195707
26.900000000000002 0.38684164621300793
27.0 0.3887603923237085
27.1 0.39068184701492376
27.200000000000003 0.39260596591353214
27.3 0.39453270445546323
27.400000000000002 0.39646201788875945
27.5 0.39839386127665205
27.6 0.4003281895006648
27.700000000000003 0.4022649572637324
27.8 0.4042041190933416
27.900000000000002 0.4061456293446895
28.0 0.4080894422038626
28.1 0.4100355116910341
28.200000000000003 0.41198379166367755
28.3 0.4139342358198016
28.400000000000002 0.4158867977012001
28.5 0.4178414306967196
28.6 0.4197980880455454
28.700000000000003 0.42175672284050114
28.8 0.4237172880313667
28.900000000000002 0.4256797364282123
29.0 0.4276440207047449
29.1 0.4296100934016733
29.200000000000003 0.4315779069300858
29.3 0.4335474135748417
29.400000000000002 0.4355185654979787
29.5 0.437491314742131
29.6 0.43946561323396377
29.700000000000003 0.44144141278761745
29.8 0.44341866510816635
29.900000000000002 0.4453973217950875
30.0 0.4473773343457436
30.1 0.4493586541588745
30.200000000000003 0.45134123253810093
30.3 0.4533250206954385
30.400000000000002 0.45530996975482224
30.5 0.45729603075563874
30.6 0.45928315465627095
30.700000000000003 0.4612712923376487
30.8 0.46326039460680923
30.900000000000002 0.4652504122004657
31.0 0.4672412957885837
31.1 0.46923299597796375
31.200000000000003 0.47122546331583265
31.3 0.47321864829343935
31.400000000000002 0.4752125013496591
31.5 0.47720697287460107
31.6 0.47920201321322337
31.700000000000003 0.48119757266895163
31.8 0.48319360150730245
31.900000000000002 0.4851900499595117
32.0 0.48718686822616525
32.1 0.4891840064808349
32.2 0.49118141487371497
32.300000000000004 0.49317904353526376
32.4 0.4951768425798451
32.5 0.49717476210937395
32.6 0.4991727522169607
32.7 0.5011707629905583
32.800000000000004 0.50316874451661
32.9 0.505166646883696
33.0 0.507164420186181
33.1 0.5091620145278606
33.2 0.5111593800256065
33.300000000000004 0.5131564668130106
33.4 0.5151532250440278
33.5 0.5171496048966154
33.6 0.5191455565763702
33.7 0.5211410303201636
33.800000000000004 0.5231359763997717
33.9 0.5251303451255027
34.0 0.5271240868498204
34.1 0.529117151970961
34.2 0.5311094909365474
34.300000000000004 0.5331010542471966
34.4 0.5350917924601218
34.5 0.5370816561927284
34.6 0.5390705961262028
34.7 0.5410585630090943
34.800000000000004 0.5430455076608909
34.9 0.5450313809755853
35.0 0.5470161339252352
35.1 0.5489997175635115
35.2 0.5509820830292411
35.300000000000004 0.5529631815499392
35.4 0.5549429644453299
35.5 0.5569213831308605
35.6 0.5588983891212015
35.7 0.5608739340337378
35.800000000000004 0.5628479695920486
35.9 0.5648204476293747
36.0 0.5667913200920748
36.1 0.5687605390430681
36.2 0.5707280566652662
36.300000000000004 0.5726938252649884
36.4 0.5746577972753668
36.5 0.5766199252597373
36.6 0.5785801619150124
36.7 0.5805384600750443
36.800000000000004 0.5824947727139697
36.9 0.58444905294954
37.0 0.5864012540464373
37.1 0.5883513294195708
37.2 0.5902992326373601
37.300000000000004 0.5922449174249995
37.4 0.5941883376677058
37.5 0.596129447413949
37.6 0.5980682008786637
37.7 0.6000045524464425
37.800000000000004 0.6019384566747129
37.9 0.6038698682968904
38.0 0.6057987422255188
38.1 0.6077250335553838
38.2 0.6096486975666116
38.300000000000004 0.6115696897277445
38.400000000000006 0.6134879656987975
38.5 0.6154034813342911
38.6 0.6173161926862666
38.7 0.619226056007275
38.800000000000004 0.6211330277533468
38.900000000000006 0.6230370645869405
39.0 0.6249381233798638
39.1 0.6268361612161751
39.2 0.6287311353950618
39.300000000000004 0.6306230034336939
39.400000000000006 0.6325117230700514
39.5 0.6343972522657314
39.6 0.636279549208729
39.7 0.6381585723161893
39.800000000000004 0.6400342802371425
39.900000000000006 0.641906631855204
40.0 0.6437755862912554
40.1 0.6456411029060958
40.2 0.6475031413030682
40.300000000000004 0.6493616613306586
40.400000000000006 0.6512166230850669
40.5 0.6530679869127533
40.6 0.6549157134129542
40.7 0.6567597634401708
40.800000000000004 0.6586000981066314
40.900000000000006 0.660436678784722
41.0 0.6622694671093912
41.1 0.6640984249805251
41.2 0.6659235145652913
41.300000000000004 0.6677446983004566
41.400000000000006 0.6695619388946711
41.5 0.6713751993307255
41.6 0.6731844428677787
41.7 0.6749896330435489
41.800000000000004 0.676790733676483
41.900000000000006 0.6785877088678863
42.0 0.6803805230040278
42.1 0.6821691407582106
42.2 0.6839535270928108
42.300000000000004 0.6857336472612843
42.400000000000006 0.6875094668101462
42.5 0.68928095158091
42.6 0.6910480677120007
42.7 0.6928107816406316
42.800000000000004 0.6945690601046514
42.900000000000006 0.6963228701443561
43.0 0.698072179104266
43.1 0.6998169546348757
43.2 0.7015571646943625
43.300000000000004 0.703292777550266
43.400000000000006 0.7050237617811334
43.5 0.7067500862781291
43.6 0.7084717202466114
43.7 0.7101886332076757
43.800000000000004 0.7119007949996584
43.900000000000006 0.7136081757796126
44.0 0.715310746024746
44.1 0.717008476533822
44.2 0.7187013384285295
44.300000000000004 0.7203893031548163
44.400000000000006 0.7220723424841837
44.5 0.7237504285149516
44.6 0.7254235336734851
44.7 0.7270916307153825
44.800000000000004 0.7287546927266355
44.900000000000006 0.7304126931247445
45.0 0.7320656056598064
45.1 0.7337134044155598
45.2 0.7353560638103975
45.300000000000004 0.736993558598343
45.400000000000006 0.7386258638699903
45.5 0.7402529550534077
45.6 0.7418748079150039
45.7 0.7434913985603597
45.800000000000004 0.7451027034350246
45.900000000000006 0.746708699325274
46.0 0.7483093633588296
46.1 0.7499046730055492
46.2 0.7514946060780714
46.300000000000004 0.7530791407324328
46.400000000000006 0.7546582554686431
46.5 0.7562319291312225
46.6 0.7578001409097104
46.7 0.7593628703391303
46.800000000000004 0.760920097300418
46.900000000000006 0.7624718020208225
47.0 0.7640179650742591
47.1 0.7655585673816333
47.2 0.7670935902111282
47.300000000000004 0.7686230151784513
47.400000000000006 0.7701468242470492
47.5 0.7716649997282857
47.6 0.773177524281583
47.7 0.7746843809145272
47.800000000000004 0.7761855529829365
47.900000000000006 0.7776810241908971
48.0 0.7791707785907597
48.1 0.7806548005831037
48.2 0.782133074916662
48.300000000000004 0.7836055866882159
48.400000000000006 0.7850723213424468
48.5 0.7865332646717622
48.6 0.7879884028160774
48.7 0.789437722262571
48.800000000000004 0.7908812098453968
48.900000000000006 0.7923188527453695
49.0 0.7937506384896086
49.1 0.7951765549511541
49.2 0.7965965903485408
49.300000000000004 0.7980107332453483
49.400000000000006 0.7994189725497072
49.5 0.8008212975137782
49.6 0.802217697733194
49.7 0.8036081631464705
49.800000000000004 0.8049926840343828
49.900000000000006 0.8063712510193092
50.0 0.8077438550645408
50.1 0.809110487473562
50.2 0.8104711398892956
50.300000000000004 0.8118258042933147
50.400000000000006 0.8131744730050269
50.5 0.8145171386808232
50.6 0.8158537943131967
50.7 0.817184433229827
50.800000000000004 0.8185090490926413
50.900000000000006 0.8198276358968362
51.0 0.8211401879698721
51.1 0.8224466999704383
51.2 0.8237471668873886
51.300000000000004 0.8250415840386405
51.400000000000006 0.8263299470700576
51.5 0.8276122519542872
51.6 0.8288884949895815
51.7 0.8301586727985847
51.800000000000004 0.8314227823270899
51.900000000000006 0.8326808208427706
52.0 0.8339327859338855
52.1 0.8351786755079517
52.2 0.836418487790392
52.300000000000004 0.8376522213231583
52.400000000000006 0.8388798749633236
52.5 0.8401014478816495
52.6 0.8413169395611296
52.7 0.8425263497955018
52.800000000000004 0.8437296786877416
52.900000000000006 0.8449269266485255
53.0 0.8461180943946696
53.1 0.8473031829475468
53.2 0.848482193631479
53.300000000000004 0.8496551280720999
53.400000000000006 0.850821988194702
53.5 0.8519827762225582
53.6 0.8531374946752153
53.7 0.8542861463667694
53.800000000000004 0.8554287344041224
53.900000000000006 0.856565262185209
54.0 0.8576957333972064
54.1 0.8588201520147217
54.2 0.8599385222979622
54.300000000000004 0.8610508487908776
54.400000000000006 0.8621571363192894
54.5 0.8632573899889953
54.6 0.86435161518386
54.7 0.8654398175638792
54.800000000000004 0.8665220030632298
54.900000000000006 0.8675981778883042
55.0 0.8686683485157192
55.1 0.8697325216903151
55.2 0.8707907044231298
55.300000000000004 0.8718429039893647
55.400000000000006 0.8728891279263257
55.5 0.8739293840313551
55.6 0.8749636803597405
55.7 0.875992025222618
55.800000000000004 0.8770144271848481
55.900000000000006 0.8780308950628887
56.0 0.8790414379226464
56.1 0.8800460650773169
56.2 0.8810447860852104
56.300000000000004 0.8820376107475643
56.400000000000006 0.8830245491063459
56.5 0.8840056114420375
56.6 0.8849808082714132
56.7 0.8859501503453036
56.800000000000004 0.8869136486463471
56.900000000000006 0.8878713143867332
57.0 0.8888231590059348
57.1 0.889769194168428
57.2 0.8907094317614029
57.300000000000004 0.8916438838924686
57.400000000000006 0.8925725628873452
57.5 0.8934954812875463
57.6 0.8944126518480572
57.7 0.8953240875350041
57.800000000000004 0.8962298015233129
57.900000000000006 0.8971298071943637
58.0 0.8980241181336375
58.1 0.8989127481283582
58.2 0.8997957111651231
58.300000000000004 0.9006730214275362
58.400000000000006 0.9015446932938294
58.5 0.9024107413344791
58.6 0.9032711803098231
58.7 0.904126025167669
58.800000000000004 0.904975291040899
58.900000000000006 0.9058189932450729
59.0 0.9066571472760264
59.1 0.9074897688074681
59.2 0.9083168736885723
59.300000000000004 0.9091384779415702
59.400000000000006 0.909954597759342
59.5 0.9107652495030004
59.6 0.911570449699483
59.7 0.9123702150391352
59.800000000000004 0.9131645623732975
59.900000000000006 0.9139535087118914
60.0 0.9147370712210041
60.1 0.9155152672204788
60.2 0.9162881141814974
60.300000000000004 0.9170556297241732
60.400000000000006 0.9178178316151394
60.5 0.9185747377651418
60.6 0.9193263662266346
60.7 0.9200727351913732
60.800000000000004 0.9208138629880204
60.900000000000006 0.9215497680797423
61.0 0.9222804690618206
61.1 0.9230059846592583
61.2 0.9237263337243958
61.300000000000004 0.9244415352345303
61.400000000000006 0.9251516082895354
61.5 0.9258565721094929
61.6 0.9265564460323226
61.7 0.927251249511424
61.800000000000004 0.9279410021133178
61.900000000000006 0.9286257235152982
62.0 0.9293054335030883
62.1 0.9299801519685058
62.2 0.9306498989071291
62.300000000000004 0.9313146944159791
62.400000000000006 0.9319745586911999
62.5 0.9326295120257546
62.6 0.9332795748071223
62.7 0.9339247675150083
62.800000000000004 0.934565110719061
62.900000000000006 0.9352006250765956
63.0 0.9358313313303297
63.1 0.9364572503061273
63.2 0.937078402910748
63.300000000000004 0.9376948101296134
63.400000000000006 0.9383064930245766
63.5 0.9389134727317046
63.6 0.9395157704590715
63.7 0.94011340748456
63.800000000000004 0.9407064051536749
63.900000000000006 0.9412947848773684
64.0 0.941878568129874
64.10000000000001 0.9424577764465537
64.2 0.9430324314217557
64.3 0.9436025547066845
64.4 0.9441681680072824
64.5 0.9447292930821223
64.60000000000001 0.9452859517403134
64.7 0.9458381658394204
64.8 0.9463859572833933
64.9 0.9469293480205104
65.0 0.9474683600413364
65.10000000000001 0.9480030153766882
65.2 0.9485333360956207
65.3 0.9490593443034225
65.4 0.9495810621396221
65.5 0.9500985117760149
65.60000000000001 0.950611715414698
65.7 0.9511206952861201
65.8 0.9516254736471487
65.9 0.9521260727791474
66.0 0.95262251498607
66.10000000000001 0.9531148225925682
66.2 0.953603017942114
66.3 0.9540871233951367
66.4 0.9545671613271758
66.5 0.9550431541270458
66.60000000000001 0.9555151241950206
66.7 0.9559830939410292
66.8 0.9564470857828669
66.9 0.9569071221444255
67.0 0.9573632254539342
67.10000000000001 0.9578154181422192
67.2 0.958263722640976
67.3 0.958708161381063
67.4 0.9591487567908016
67.5 0.9595855312943029
67.60000000000001 0.9600185073098011
67.7 0.9604477072480091
67.8 0.9608731535104847
67.9 0.961294868488021
68.0 0.961712874559042
68.10000000000001 0.9621271940880237
68.2 0.9625378494239283
68.3 0.962944862898652
68.4 0.9633482568254942
68.5 0.9637480534976376
68.60000000000001 0.9641442751866502
68.7 0.9645369441409998
68.8 0.9649260825845857
68.9 0.9653117127152889
69.0 0.9656938567035364
69.10000000000001 0.9660725366908836
69.2 0.9664477747886128
69.3 0.9668195930763479
69.4 0.9671880136006857
69.5 0.9675530583738465
69.60000000000001 0.9679147493723359
69.7 0.9682731085356284
69.8 0.9686281577648657
69.9 0.9689799189215703
70.0 0.9693284138263787
70.10000000000001 0.9696736642577878
70.2 0.9700156919509214
70.3 0.9703545185963103
70.4 0.9706901658386912
70.5 0.9710226552758203
70.60000000000001 0.971352008457306
70.7 0.9716782468834548
70.8 0.9720013920041374
70.9 0.9723214652176678
71.0 0.972638487869701
71.10000000000001 0.9729524812521474
71.2 0.9732634666021017
71.3 0.9735714651007906
71.4 0.9738764978725344
71.5 0.9741785859837259
71.60000000000001 0.974477750441827
71.7 0.9747740121943794
71.8 0.9750673921280314
71.9 0.9753579110675836
72.0 0.9756455897750472
72.10000000000001 0.9759304489487203
72.2 0.9762125092222792
72.3 0.9764917911638876
72.4 0.976768315275318
72.5 0.9770421019910931
72.60000000000001 0.977313171677639
72.7 0.9775815446324571
72.8 0.9778472410833098
72.9 0.9781102811874233
73.0 0.9783706850307025
73.10000000000001 0.9786284726269665
73.2 0.9788836639171946
73.3 0.9791362787687905
73.4 0.9793863369748605
73.5 0.979633858253506
73.60000000000001 0.9798788622471333
73.7 0.9801213685217762
73.8 0.9803613965664343
73.9 0.9805989657924266
74.0 0.9808340955327582
74.10000000000001 0.9810668050415037
74.2 0.9812971134932035
74.3 0.9815250399822742
74.4 0.981750603522436
74.5 0.981973823046151
74.60000000000001 0.9821947174040778
74.7 0.9824133053645393
74.8 0.9826296056130055
74.9 0.9828436367515885
75.0 0.9830554172985523
75.10000000000001 0.9832649656878361
75.2 0.9834723002685931
75.3 0.9836774393047379
75.4 0.9838804009745128
75.5 0.9840812033700637
75.60000000000001 0.9842798644970311
75.7 0.9844764022741539
75.8 0.9846708345328843
75.9 0.9848631790170185
76.0 0.9850534533823393
76.10000000000001 0.9852416751962693
76.2 0.9854278619375395
76.3 0.9856120309958687
76.4 0.9857941996716559
76.5 0.9859743851756854
76.60000000000001 0.9861526046288419
76.7 0.9863288750618407
76.80000000000001 0.986503213414968
76.9 0.986675636537833
77.0 0.9868461611891328
77.10000000000001 0.987014804036427
77.2 0.9871815816559264
77.30000000000001 0.9873465105322913
77.4 0.987509607058441
77.5 0.9876708875353756
77.60000000000001 0.9878303681720078
77.7 0.9879880650850067
77.80000000000001 0.9881439942986511
77.9 0.9882981717446948
78.0 0.9884506132622419
78.10000000000001 0.9886013345976329
78.2 0.9887503514043403
78.30000000000001 0.9888976792428761
78.4 0.9890433335807075
78.5 0.9891873297921853
78.60000000000001 0.9893296831584784
78.7 0.9894704088675226
78.80000000000001 0.9896095220139753
78.9 0.9897470375991828
79.0 0.9898829705311545
79.10000000000001 0.9900173356245483
79.2 0.9901501476006646
79.30000000000001 0.9902814210874491
79.4 0.9904111706195059
79.5 0.9905394106381182
79.60000000000001 0.9906661554912788
79.7 0.9907914194337275
79.80000000000001 0.9909152166270001
79.9 0.9910375611394832
80.0 0.9911584669464789
80.10000000000001 0.9912779479302777
80.2 0.9913960178802376
80.30000000000001 0.9915126904928743
80.4 0.9916279793719572
80.5 0.9917418980286142
80.60000000000001 0.991854459881443
80.7 0.9919656782566324
80.80000000000001 0.9920755663880879
80.9 0.9921841374175674
81.0 0.9922914043948227
81.10000000000001 0.9923973802777492
81.2 0.9925020779325413
81.30000000000001 0.9926055101338561
81.4 0.992707689564983
81.5 0.9928086288180215
81.60000000000001 0.9929083403940626
81.7 0.9930068367033807
81.80000000000001 0.9931041300656289
81.9 0.9932002327100419
82.0 0.9932951567756452
82.10000000000001 0.9933889143114695
82.2 0.9934815172767724
82.30000000000001 0.993572977541265
82.4 0.9936633068853447
82.5 0.9937525170003337
82.60000000000001 0.9938406194887235
82.7 0.9939276258644232
82.80000000000001 0.9940135475530162
82.9 0.9940983958920198
83.0 0.9941821821311495
83.10000000000001 0.9942649174325925
83.2 0.9943466128712802
83.30000000000001 0.9944272794351711
83.4 0.9945069280255348
83.5 0.9945855694572426
83.60000000000001 0.9946632144590632
83.7 0.9947398736739599
83.80000000000001 0.9948155576593961
83.9 0.994890276887643
84.0 0.9949640417460914
84.10000000000001 0.9950368625375686
84.2 0.9951087494806593
84.30000000000001 0.995179712710029
84.4 0.9952497622767544
84.5 0.9953189081486539
84.60000000000001 0.9953871602106242
84.7 0.9954545282649799
84.80000000000001 0.9955210220317974
84.9 0.9955866511492596
85.0 0.9956514251740081
85.10000000000001 0.9957153535814947
85.2 0.9957784457663392
85.30000000000001 0.995840711042688
85.4 0.995902158644577
85.5 0.9959627977262973
85.60000000000001 0.9960226373627633
85.7 0.9960816865498846
85.80000000000001 0.9961399542049387
85.9 0.9961974491669492
86.0 0.9962541801970627
86.10000000000001 0.9963101559789328
86.2 0.9963653851191018
86.30000000000001 0.9964198761473887
86.4 0.9964736375172769
86.5 0.9965266776063043
86.60000000000001 0.9965790047164577
86.7 0.9966306270745654
86.80000000000001 0.9966815528326962
86.9 0.9967317900685561
87.0 0.9967813467858896
87.10000000000001 0.9968302309148817
87.2 0.9968784503125618
87.30000000000001 0.9969260127632085
87.4 0.9969729259787571
87.5 0.9970191975992074
87.60000000000001 0.9970648351930338
87.7 0.9971098462575962
87.80000000000001 0.9971542382195525
87.9 0.9971980184352716
88.0 0.9972411941912477
88.10000000000001 0.9972837727045177
88.2 0.9973257611230759
88.30000000000001 0.9973671665262923
88.4 0.9974079959253311
88.5 0.9974482562635705
88.60000000000001 0.9974879544170215
88.7 0.9975270971947497
88.80000000000001 0.9975656913392961
88.9 0.9976037435270994
89.0 0.9976412603689176
89.10000000000001 0.9976782484102528
89.2 0.9977147141317723
89.30000000000001 0.9977506639497333
89.4 0.9977861042164076
89.5 0.9978210412205042
89.60000000000001 0.9978554811875956
89.7 0.9978894302805404
89.80000000000001 0.9979228945999099
89.9 0.9979558801844112
90.0 0.9979883930113125
90.10000000000001 0.9980204389968684
90.2 0.9980520239967431
90.30000000000001 0.998083153806436
90.4 0.9981138341617051
90.5 0.998144070738991
90.60000000000001 0.9981738691558413
90.7 0.9982032349713325
90.80000000000001 0.9982321736864943
90.9 0.998260690744731
91.0 0.998288791532244
91.10000000000001 0.9983164813784537
91.2 0.9983437655564198
91.30000000000001 0.9983706492832614
91.4 0.9983971377205777
91.5 0.998423235974866
91.60000000000001 0.9984489490979411
91.7 0.9984742820873521
91.80000000000001 0.9984992398867986
91.9 0.9985238273865487
92.0 0.9985480494238514
92.10000000000001 0.9985719107833533
92.2 0.99859541619751
92.30000000000001 0.9986185703469996
92.4 0.9986413778611334
92.5 0.9986638433182656
92.60000000000001 0.9986859712462038
92.7 0.9987077661226164
92.80000000000001 0.9987292323754391
92.9 0.998750374383281
93.0 0.9987711964758297
93.10000000000001 0.998791702934254
93.2 0.9988118979916062
93.30000000000001 0.9988317858332229
93.4 0.9988513705971246
93.5 0.9988706563744137
93.60000000000001 0.9988896472096718
93.7 0.9989083471013541
93.80000000000001 0.9989267600021847
93.9 0.9989448898195484
94.0 0.9989627404158813
94.10000000000001 0.9989803156090618
94.2 0.9989976191727971
94.30000000000001 0.9990146548370117
94.4 0.9990314262882303
94.5 0.9990479371699623
94.60000000000001 0.9990641910830842
94.7 0.9990801915862185
94.80000000000001 0.999095942196113
94.9 0.9991114463880175
95.0 0.9991267075960594
95.10000000000001 0.9991417292136162
95.2 0.9991565145936893
95.30000000000001 0.9991710670492713
95.4 0.9991853898537166
95.5 0.999199486241107
95.60000000000001 0.999213359406616
95.7 0.9992270125068734
95.80000000000001 0.9992404486603244
95.9 0.9992536709475899
96.0 0.9992666824118243
96.10000000000001 0.9992794860590706
96.2 0.9992920848586138
96.30000000000001 0.9993044817433335
96.4 0.9993166796100537
96.5 0.9993286813198898
96.60000000000001 0.9993404896985965
96.7 0.9993521075369102
96.80000000000001 0.9993635375908922
96.9 0.9993747825822689
97.0 0.9993858451987698
97.10000000000001 0.9993967280944642
97.2 0.9994074338900951
97.30000000000001 0.999417965173412
97.4 0.9994283244995006
97.5 0.999438514391112
97.60000000000001 0.9994485373389884
97.7 0.999458395802188
97.80000000000001 0.999468092208406
97.9 0.9994776289542965
98.0 0.9994870084057896
98.10000000000001 0.9994962328984077
98.2 0.99950530473758
98.30000000000001 0.9995142261989541
98.4 0.9995229995287063
98.5 0.9995316269438486
98.60000000000001 0.9995401106325366
98.7 0.9995484527543703
98.80000000000001 0.9995566554406988
98.9 0.9995647207949174
99.0 0.9995726508927669
99.10000000000001 0.999580447782628
99.2 0.9995881134858148
99.30000000000001 0.9995956499968666
99.4 0.9996030592838362
99.5 0.9996103432885776
99.60000000000001 0.9996175039270307
99.7 0.9996245430895047
99.80000000000001 0.9996314626409578
99.9 0.9996382644212772
100.0 0.9996449502455542
100.10000000000001 0.9996515219043608
100.2 0.9996579811640194
100.30000000000001 0.9996643297668756
100.4 0.9996705694315652
100.5 0.9996767018532811
100.60000000000001 0.9996827287040356
100.7 0.9996886516329253
100.80000000000001 0.9996944722663883
100.9 0.9997001922084634
101.0 0.9997058130410456
101.10000000000001 0.9997113363241401
101.2 0.9997167635961134
101.30000000000001 0.999722096373943
101.4 0.9997273361534652
101.5 0.9997324844096204
101.60000000000001 0.9997375425966961
101.7 0.9997425121485694
101.80000000000001 0.9997473944789447
101.9 0.9997521909815924
102.0 0.9997569030305834
102.10000000000001 0.9997615319805224
102.2 0.99976607916678
102.30000000000001 0.9997705459057198
102.4 0.9997749334949283
102.5 0.9997792432134378
102.60000000000001 0.9997834763219512
102.7 0.9997876340630619
102.80000000000001 0.9997917176614739
102.9 0.9997957283242194
103.0 0.9997996672408723
103.10000000000001 0.9998035355837641
103.2 0.9998073345081925
103.30000000000001 0.9998110651526336
103.4 0.9998147286389468
103.5 0.9998183260725825
103.60000000000001 0.9998218585427843
103.7 0.9998253271227909
103.80000000000001 0.9998287328700374
103.9 0.9998320768263511
104.0 0.9998353600181484
104.10000000000001 0.9998385834566298
104.2 0.9998417481379708
104.30000000000001 0.999844855043513
104.4 0.9998479051399528
104.5 0.9998508993795279
104.60000000000001 0.999853838700202
104.7 0.9998567240258481
104.80000000000001 0.9998595562664295
104.9 0.9998623363181799
105.0 0.9998650650637798
105.10000000000001 0.9998677433725336
105.2 0.9998703721005427
105.30000000000001 0.9998729520908788
105.4 0.9998754841737527
105.5 0.9998779691666857
105.60000000000001 0.9998804078746741
105.7 0.9998828010903557
105.80000000000001 0.9998851495941733
105.9 0.9998874541545371
106.0 0.9998897155279829
106.10000000000001 0.9998919344593338
106.2 0.9998941116818542
106.30000000000001 0.9998962479174055
106.4 0.9998983438766013
106.5 0.9999004002589572
106.60000000000001 0.999902417753042
106.7 0.999904397036626
106.80000000000001 0.9999063387768287
106.9 0.9999082436302626
107.0 0.9999101122431786
107.10000000000001 0.9999119452516073
107.2 0.9999137432815
107.30000000000001 0.9999155069488673
107.4 0.9999172368599174
107.5 0.9999189336111914
107.60000000000001 0.9999205977896979
107.7 0.9999222299730456
107.80000000000001 0.9999238307295762
107.9 0.9999254006184924
108.0 0.9999269401899876
108.10000000000001 0.9999284499853723
108.2 0.9999299305372
108.30000000000001 0.9999313823693909
108.4 0.9999328059973551
108.5 0.9999342019281133
108.60000000000001 0.9999355706604165
108.7 0.9999369126848653
108.80000000000001 0.9999382284840256
108.9 0.9999395185325451
109.0 0.9999407832972675
109.10000000000001 0.9999420232373452
109.2 0.9999432388043503
109.30000000000001 0.9999444304423857
109.4 0.9999455985881941
109.5 0.9999467436712643
109.60000000000001 0.9999478661139387
109.7 0.9999489663315174
109.80000000000001 0.999950044732363
109.9 0.9999511017180015
110.0 0.9999521376832246
110.10000000000001 0.999953153016189
110.2 0.9999541480985161
110.30000000000001 0.9999551233053876
110.4 0.9999560790056435
110.5 0.999957015561876
110.60000000000001 0.9999579333305242
110.7 0.9999588326619656
110.80000000000001 0.9999597139006088
110.9 0.9999605773849831
111.0 0.9999614234478276
111.10000000000001 0.9999622524161796
111.2 0.9999630646114617
111.30000000000001 0.9999638603495663
111.4 0.9999646399409423
111.5 0.9999654036906768
111.60000000000001 0.9999661518985784
111.7 0.9999668848592588
111.80000000000001 0.9999676028622128
111.9 0.9999683061918976
112.0 0.9999689951278112
112.10000000000001 0.9999696699445697
112.2 0.9999703309119831
112.30000000000001 0.9999709782951307
112.4 0.9999716123544357
112.5 0.9999722333457376
112.60000000000001 0.9999728415203648
112.7 0.9999734371252059
112.80000000000001 0.99997402040278
112.9 0.999974591591306
113.0 0.9999751509247701
113.10000000000001 0.9999756986329947
113.2 0.9999762349417044
113.30000000000001 0.9999767600725905
113.4 0.9999772742433779
113.5 0.9999777776678864
113.60000000000001 0.9999782705560958
113.7 0.9999787531142064
113.80000000000001 0.9999792255447011
113.9 0.9999796880464052
114.0 0.9999801408145464
114.10000000000001 0.9999805840408132
114.2 0.9999810179134125
114.30000000000001 0.9999814426171266
114.4 0.9999818583333699
114.5 0.9999822652402439
114.60000000000001 0.9999826635125918
114.7 0.9999830533220526
114.80000000000001 0.9999834348371142
114.9 0.9999838082231645
115.0 0.9999841736425447
115.10000000000001 0.9999845312545993
115.2 0.9999848812157258
115.30000000000001 0.9999852236794244
115.4 0.9999855587963467
115.5 0.9999858867143431
115.60000000000001 0.9999862075785108
115.7 0.9999865215312396
115.80000000000001 0.9999868287122579
115.9 0.9999871292586775
116.0 0.9999874233050392
116.10000000000001 0.9999877109833549
116.2 0.9999879924231524
116.30000000000001 0.9999882677515164
116.4 0.9999885370931321
116.5 0.999988800570324
116.60000000000001 0.9999890583030988
116.7 0.9999893104091848
116.80000000000001 0.9999895570040703
116.9 0.999989798201043
117.0 0.9999900341112289
117.10000000000001 0.9999902648436285
117.2 0.9999904905051552
117.30000000000001 0.9999907112006708
117.4 0.9999909270330216
117.5 0.9999911381030745
117.60000000000001 0.99999134450975
117.7 0.9999915463500588
117.80000000000001 0.9999917437191334
117.9 0.9999919367102631
118.0 0.999992125414925
118.10000000000001 0.9999923099228171
118.2 0.9999924903218901
118.30000000000001 0.9999926666983782
118.4 0.9999928391368291
118.5 0.9999930077201357
118.60000000000001 0.9999931725295645
118.7 0.9999933336447852
118.80000000000001 0.9999934911438999
118.9 0.9999936451034704
119.0 0.9999937955985473
119.10000000000001 0.9999939427026958
119.2 0.9999940864880246
119.30000000000001 0.9999942270252106
119.4 0.9999943643835256
119.5 0.9999944986308628
119.60000000000001 0.9999946298337606
119.7 0.9999947580574283
119.80000000000001 0.9999948833657705
119.9 0.9999950058214108