n = 1.190, m = 0.515, TD50 = 47.50 Gy.

gEUD tox from patients


gEUD LKB from model
0.0 0.02608208771510609
0.1 0.026330522398044814
0.2 0.026580928575799672
0.30000000000000004 0.026833317724017258
0.4 0.027087701343836604
0.5 0.027344090961515775
0.6000000000000001 0.02760249812805489
0.7000000000000001 0.027862934418814635
0.8 0.02812541143312889
0.9 0.028389940793913267
1.0 0.02865653414726873
1.1 0.028925203162079822
1.2000000000000002 0.029195959529608656
1.3 0.029468814963083727
1.4000000000000001 0.029743781197283683
1.5 0.030020869988116945
1.6 0.03030009311219478
1.7000000000000002 0.030581462366401798
1.8 0.030864989567459134
1.9000000000000001 0.031150686551485524
2.0 0.031438565173549995
2.1 0.0317286373072226
2.2 0.03202091484411885
2.3000000000000003 0.0323154096934395
2.4000000000000004 0.03261213378150533
2.5 0.032911099051286995
2.6 0.03321231746193057
2.7 0.03351580098827716
2.8000000000000003 0.03382156162037775
2.9000000000000004 0.03412961136300447
3.0 0.03443996223515493
3.1 0.0347526262695533
3.2 0.0350676155121452
3.3000000000000003 0.03538494202158861
3.4000000000000004 0.03570461786874012
3.5 0.036026655136134816
3.6 0.03635106591746242
3.7 0.036677862317038755
3.8000000000000003 0.037007056449271214
3.9000000000000004 0.037338660438120695
4.0 0.03767268641655679
4.1000000000000005 0.038009146526011325
4.2 0.038348052915822606
4.3 0.03868941774268002
4.4 0.03903325317005743
4.5 0.03937957136764954
4.6000000000000005 0.03972838451079583
4.7 0.040079704779905065
4.800000000000001 0.040433544359871974
4.9 0.040789915439491606
5.0 0.04114883021086636
5.1000000000000005 0.04151030086880975
5.2 0.04187433961024652
5.300000000000001 0.04224095863360427
5.4 0.042610170138205505
5.5 0.04298198632365107
5.6000000000000005 0.043356419389199416
5.7 0.0437334815331439
5.800000000000001 0.044113184952182596
5.9 0.044495541840784456
6.0 0.04488056439055129
6.1000000000000005 0.04526826478957469
6.2 0.045658655221789544
6.300000000000001 0.046051747866319465
6.4 0.04644755489682365
6.5 0.04684608848083446
6.6000000000000005 0.047247360779091384
6.7 0.04765138394487242
6.800000000000001 0.04805817012331989
6.9 0.04846773145076201
7.0 0.048880080054029086
7.1000000000000005 0.04929522804976741
7.2 0.04971318754374788
7.300000000000001 0.050133970630169965
7.4 0.050557589390962186
7.5 0.05098405589507828
7.6000000000000005 0.0514133821977881
7.7 0.05184558033996696
7.800000000000001 0.05228066234737801
7.9 0.052718640229952284
8.0 0.053159525981064625
8.1 0.05360333157680461
8.200000000000001 0.054050068975245044
8.3 0.05449975011570546
8.4 0.054952386918011485
8.5 0.05540799128175239
8.6 0.05586657508553159
8.700000000000001 0.05632815018621764
8.8 0.05679272841818556
8.9 0.057260321592562814
9.0 0.057730941496462615
9.1 0.058204599892220016
9.200000000000001 0.058681308516623024
9.3 0.05916107908013737
9.4 0.059643923266133055
9.5 0.06012985273010242
9.600000000000001 0.06061887909887692
9.700000000000001 0.061111013969842726
9.8 0.061606268910148455
9.9 0.06210465545591515
10.0 0.06260618511143676
10.100000000000001 0.06311086934838506
10.200000000000001 0.06361871960500397
10.3 0.06412974728530611
10.4 0.06464396375826484
10.5 0.06516138035700178
10.600000000000001 0.06568200837797507
10.700000000000001 0.06620585908016163
10.8 0.06673294368423764
10.9 0.06726327337175637
11.0 0.06779685928432566
11.100000000000001 0.0683337125227769
11.200000000000001 0.06887384414633968
11.3 0.06941726517180605
11.4 0.06996398657269896
11.5 0.07051401927843305
11.600000000000001 0.0710673741734786
11.700000000000001 0.07162406209651688
11.8 0.0721840938395985
11.9 0.07274748014729952
12.0 0.07331423171587044
12.100000000000001 0.07388435919239117
12.200000000000001 0.07445787317391578
12.3 0.07503478420662302
12.4 0.07561510278495773
12.5 0.07619883935077912
12.600000000000001 0.07678600429249992
12.700000000000001 0.07737660794422549
12.8 0.07797066058489607
12.9 0.0785681724374228
13.0 0.07916915366782344
13.100000000000001 0.07977361438435902
13.200000000000001 0.08038156463666661
13.3 0.08099301441489205
13.4 0.08160797364882232
13.5 0.08222645220701547
13.600000000000001 0.08284845989593165
13.700000000000001 0.08347400645906092
13.8 0.08410310157605219
13.9 0.08473575486184158
14.0 0.08537197586577845
14.100000000000001 0.08601177407075251
14.200000000000001 0.08665515889232006
14.3 0.08730213967782915
14.4 0.08795272570554669
14.5 0.08860692618378173
14.600000000000001 0.08926475025001208
14.700000000000001 0.08992620697001003
14.8 0.09059130533696513
14.9 0.09126005427061323
15.0 0.09193246261635722
15.100000000000001 0.09260853914440005
15.200000000000001 0.09328829254886269
15.3 0.09397173144691713
15.4 0.09465886437791103
15.5 0.09534969980249436
15.600000000000001 0.09604424610175337
15.700000000000001 0.09674251157633261
15.8 0.0974445044455703
15.9 0.09815023284662809
16.0 0.09885970483362254
16.1 0.0995729283767609
16.2 0.10028991136147276
16.3 0.1010106615875481
16.400000000000002 0.10173518676827316
16.5 0.10246349452957117
16.6 0.10319559240913997
16.7 0.10393148785559668
16.8 0.10467118822762038
16.900000000000002 0.10541470079309774
17.0 0.10616203272826878
17.1 0.10691319111688154
17.2 0.10766818294933662
17.3 0.10842701512184846
17.400000000000002 0.10918969443559343
17.5 0.10995622759587606
17.6 0.11072662121128474
17.7 0.1115008817928572
17.8 0.11227901575324661
17.900000000000002 0.11306102940588854
18.0 0.1138469289641761
18.1 0.11463672054063186
18.2 0.11543041014608403
18.3 0.11622800368885257
18.400000000000002 0.11702950697392682
18.5 0.11783492570215526
18.6 0.11864426546943836
18.7 0.11945753176591682
18.8 0.12027472997517531
18.900000000000002 0.12109586537343646
19.0 0.12192094312877336
19.1 0.12274996830031239
19.200000000000003 0.12358294583744772
19.3 0.12441988057905849
19.400000000000002 0.12526077725272827
19.5 0.12610564047397033
19.6 0.12695447474545715
19.700000000000003 0.12780728445625056
19.8 0.12866407388104548
19.900000000000002 0.12952484717940657
20.0 0.1303896083950194
20.1 0.1312583614549384
20.200000000000003 0.13213111016884715
20.3 0.13300785822831754
20.400000000000002 0.13388860920607468
20.5 0.13477336655527322
20.6 0.13566213360876903
20.700000000000003 0.13655491357840385
20.8 0.13745170955429137
20.900000000000002 0.13835252450411095
21.0 0.13925736127240343
21.1 0.1401662225798785
21.200000000000003 0.14107911102272097
21.3 0.14199602907190748
21.400000000000002 0.14291697907252768
21.5 0.1438419632431105
21.6 0.14477098367495803
21.700000000000003 0.14570404233148357
21.8 0.1466411410475595
21.900000000000002 0.1475822815288651
22.0 0.14852746535124872
22.1 0.1494766939600891
22.200000000000003 0.15042996866966854
22.3 0.15138729066254908
22.400000000000002 0.15234866098895875
22.5 0.15331408056618026
22.6 0.15428355017795153
22.700000000000003 0.15525707047386894
22.8 0.15623464196880016
22.900000000000002 0.15721626504230227
23.0 0.15820193993805048
23.1 0.15919166676327007
23.200000000000003 0.16018544548817557
23.3 0.16118327594542256
23.400000000000002 0.16218515782956192
23.5 0.16319109069650273
23.6 0.1642010739629844
23.700000000000003 0.16521510690605368
23.8 0.16623318866255551
23.900000000000002 0.16725531822862091
24.0 0.1682814944591753
24.1 0.16931171606744644
24.200000000000003 0.1703459816244829
24.3 0.17138428955868037
24.400000000000002 0.172426638155319
24.5 0.17347302555610264
24.6 0.1745234497587149
24.700000000000003 0.1755779086163742
24.8 0.17663639983740786
24.900000000000002 0.17769892098482473
25.0 0.17876546947590222
25.1 0.17983604258178093
25.200000000000003 0.18091063742706892
25.3 0.18198925098945165
25.400000000000002 0.18307188009931294
25.5 0.18415852143936814
25.6 0.1852491715442979
25.700000000000003 0.1863438268004
25.8 0.18744248344524414
25.900000000000002 0.188545137567339
26.0 0.18965178510580752
26.1 0.19076242185007336
26.200000000000003 0.19187704343954992
26.3 0.1929956453633499
26.400000000000002 0.1941182229599944
26.5 0.19524477141713711
26.6 0.1963752857712937
26.700000000000003 0.1975097609075873
26.8 0.19864819155949703
26.900000000000002 0.19979057230861957
27.0 0.20093689758443903
27.1 0.2020871616641099
27.200000000000003 0.20324135867224544
27.3 0.20439948258071686
27.400000000000002 0.20556152720846643
27.5 0.20672748622132592
27.6 0.20789735313184576
27.700000000000003 0.2090711212991376
27.8 0.21024878392872257
27.900000000000002 0.2114303340723929
28.0 0.212615764628082
28.1 0.21380506833974497
28.200000000000003 0.21499823779724964
28.3 0.2161952654362794
28.400000000000002 0.21739614353824233
28.5 0.2186008642301956
28.6 0.21980941948477478
28.700000000000003 0.22102180112013858
28.8 0.22223800079992378
28.900000000000002 0.2234580100332043
29.0 0.22468182017446853
29.1 0.22590942242360224
29.200000000000003 0.22714080782588553
29.3 0.2283759672719953
29.400000000000002 0.2296148914980263
29.5 0.23085757108551072
29.6 0.23210399646146487
29.700000000000003 0.23335415789842748
29.8 0.23460804551452605
29.900000000000002 0.23586564927354142
30.0 0.23712695898498962
30.1 0.23839196430421414
30.200000000000003 0.239660654732483
30.3 0.2409330196171046
30.400000000000002 0.2422090481515498
30.5 0.24348872937558394
30.6 0.2447720521754129
30.700000000000003 0.24605900528383706
30.8 0.247349577280418
30.900000000000002 0.24864375659165375
31.0 0.24994153149116768
31.1 0.2512428900999058
31.200000000000003 0.25254782038634477
31.3 0.2538563101667139
31.400000000000002 0.25516834710522246
31.5 0.25648391871430304
31.6 0.25780301235486475
31.700000000000003 0.2591256152365522
31.8 0.2604517144180193
31.900000000000002 0.26178129680721823
32.0 0.26311434916168924
32.1 0.26445085808886876
32.2 0.26579081004640587
32.300000000000004 0.2671341913424867
32.4 0.2684809881361764
32.5 0.26983118643776455
32.6 0.2711847721091251
32.7 0.2725417308640877
32.800000000000004 0.27390204826881503
32.9 0.2752657097421974
33.0 0.2766327005562504
33.1 0.2780030058365326
33.2 0.2793766105625634
33.300000000000004 0.2807534995682585
33.4 0.28213365754237346
33.5 0.28351706902895885
33.6 0.28490371842782514
33.7 0.286293589995016
33.800000000000004 0.2876866678432969
33.9 0.2890829359426483
34.0 0.2904823781207754
34.1 0.2918849780636227
34.2 0.29329071931590217
34.300000000000004 0.29469958528162943
34.4 0.296111559224673
34.5 0.29752662426931153
34.6 0.2989447634008015
34.7 0.3003659594659563
34.800000000000004 0.30179019517373273
34.9 0.30321745309583165
35.0 0.30464771566730425
35.1 0.3060809651871728
35.2 0.3075171838190565
35.300000000000004 0.3089563535918094
35.4 0.31039845640017333
35.5 0.3118434740054287
35.6 0.3132913880360669
35.7 0.31474217998846693
35.800000000000004 0.31619583122758066
35.9 0.3176523229876317
36.0 0.3191116363728199
36.1 0.320573752358038
36.2 0.32203865178959806
36.300000000000004 0.323506315385963
36.4 0.3249767237384939
36.5 0.32644985731220166
36.6 0.32792569644651004
36.7 0.32940422135602837
36.800000000000004 0.33088541213133077
36.9 0.33236924873974955
37.0 0.3338557110261705
37.1 0.33534477871384394
37.2 0.33683643140520236
37.300000000000004 0.3383306485826832
37.4 0.3398274096095672
37.5 0.3413266937308214
37.6 0.3428284800739492
37.7 0.3443327476498545
37.800000000000004 0.3458394753537091
37.9 0.3473486419658329
38.0 0.3488602261525775
38.1 0.3503742064672241
38.2 0.35189056135088553
38.300000000000004 0.3534092691334169
38.400000000000006 0.35493030803433845
38.5 0.35645365616375757
38.6 0.3579792915233127
38.7 0.35950719200710957
38.800000000000004 0.36103733540267774
38.900000000000006 0.3625696993919285
39.0 0.36410426155212255
39.1 0.36564099935684585
39.2 0.3671798901769904
39.300000000000004 0.3687209112817474
39.400000000000006 0.3702640398396022
39.5 0.37180925291934125
39.6 0.37335652749106557
39.7 0.3749058404272062
39.800000000000004 0.3764571685035567
39.900000000000006 0.3780104884003043
40.0 0.3795657767030703
40.1 0.38112300990396103
40.2 0.3826821644026198
40.300000000000004 0.38424321650729054
40.400000000000006 0.38580614243588524
40.5 0.38737091831706044
40.6 0.388937520191298
40.7 0.390505924011992
40.800000000000004 0.3920761056465463
40.900000000000006 0.3936480408774726
41.0 0.3952217054034992
41.1 0.39679707484068455
41.2 0.3983741247235349
41.300000000000004 0.39995283050613123
41.400000000000006 0.40153316756325985
41.5 0.4031151111915493
41.6 0.40469863661061434
41.7 0.40628371896420284
41.800000000000004 0.40787033332135086
41.900000000000006 0.4094584546775419
42.0 0.41104805795587124
42.1 0.412639118008218
42.2 0.4142316096164184
42.300000000000004 0.4158255074934479
42.400000000000006 0.4174207862846056
42.5 0.41901742056870667
42.6 0.4206153848592757
42.7 0.4222146536057488
42.800000000000004 0.42381520119467747
42.900000000000006 0.42541700195093834
43.0 0.4270200301389479
43.1 0.4286242599638809
43.2 0.4302296655728919
43.300000000000004 0.43183622105634445
43.400000000000006 0.43344390044904074
43.5 0.43505267773145806
43.6 0.4366625268309878
43.7 0.43827342162317773
43.800000000000004 0.43988533593298057
43.900000000000006 0.44149824353600386
44.0 0.443112118159764
44.1 0.44472693348494546
44.2 0.4463426631466599
44.300000000000004 0.4479592807357128
44.400000000000006 0.4495767597998702
44.5 0.45119507384513013
44.6 0.45281419633699627
44.7 0.4544341007017557
44.800000000000004 0.45605476032775777
44.900000000000006 0.4576761485666974
45.0 0.4592982387349004
45.1 0.4609210041146114
45.2 0.462544417955284
45.300000000000004 0.4641684534748737
45.400000000000006 0.4657930838611326
45.5 0.4674182822729077
45.6 0.46904402184144006
45.7 0.47067027567166475
45.800000000000004 0.47229701684351627
45.900000000000006 0.47392421841323246
46.0 0.47555185341466183
46.1 0.47717989486057255
46.2 0.47880831574396127
46.300000000000004 0.4804370890393659
46.400000000000006 0.482066187704178
46.5 0.48369558467995666
46.6 0.48532525289374473
46.7 0.48695516525938365
46.800000000000004 0.4885852946788321
46.900000000000006 0.4902156140434837
47.0 0.4918460962354857
47.1 0.4934767141290592
47.2 0.4951074405918185
47.300000000000004 0.49673824848609277
47.400000000000006 0.49836911067024625
47.5 0.5
47.6 0.501630889329754
47.7 0.5032617515139074
47.800000000000004 0.5048925594081817
47.900000000000006 0.506523285870941
48.0 0.5081539037645143
48.1 0.5097843859565163
48.2 0.511414705321168
48.300000000000004 0.5130448347406166
48.400000000000006 0.5146747471062555
48.5 0.5163044153200433
48.6 0.5179338122958221
48.7 0.5195629109606342
48.800000000000004 0.5211916842560389
48.900000000000006 0.5228201051394277
49.0 0.5244481465853381
49.1 0.5260757815867676
49.2 0.5277029831564839
49.300000000000004 0.5293297243283354
49.400000000000006 0.5309559781585601
49.5 0.5325817177270922
49.6 0.5342069161388675
49.7 0.5358315465251265
49.800000000000004 0.5374555820447161
49.900000000000006 0.5390789958853887
50.0 0.5407017612650996
50.1 0.5423238514333028
50.2 0.5439452396722424
50.300000000000004 0.5455658992982444
50.400000000000006 0.5471858036630037
50.5 0.54880492615487
50.6 0.5504232402001298
50.7 0.5520407192642872
50.800000000000004 0.5536573368533402
50.900000000000006 0.5552730665150546
51.0 0.5568878818402361
51.1 0.5585017564639962
51.2 0.5601146640670195
51.300000000000004 0.5617265783768224
51.400000000000006 0.5633374731690123
51.5 0.5649473222685419
51.6 0.5665560995509593
51.7 0.5681637789436558
51.800000000000004 0.5697703344271082
51.900000000000006 0.5713757400361194
52.0 0.572979969861052
52.1 0.5745829980490619
52.2 0.5761847988053227
52.300000000000004 0.5777853463942514
52.400000000000006 0.5793846151407245
52.5 0.5809825794312934
52.6 0.5825792137153943
52.7 0.5841744925065524
52.800000000000004 0.5857683903835817
52.900000000000006 0.5873608819917822
53.0 0.5889519420441287
53.1 0.5905415453224583
53.2 0.5921296666786491
53.300000000000004 0.5937162810357972
53.400000000000006 0.5953013633893857
53.5 0.5968848888084507
53.6 0.5984668324367405
53.7 0.6000471694938689
53.800000000000004 0.6016258752764654
53.900000000000006 0.6032029251593153
54.0 0.6047782945965008
54.1 0.6063519591225276
54.2 0.6079238943534541
54.300000000000004 0.6094940759880081
54.400000000000006 0.611062479808702
54.5 0.6126290816829396
54.6 0.6141938575641146
54.7 0.6157567834927097
54.800000000000004 0.6173178355973804
54.900000000000006 0.6188769900960389
55.0 0.6204342232969298
55.1 0.621989511599696
55.2 0.6235428314964433
55.300000000000004 0.6250941595727939
55.400000000000006 0.6266434725089348
55.5 0.6281907470806588
55.6 0.6297359601603978
55.7 0.6312790887182528
55.800000000000004 0.6328201098230096
55.900000000000006 0.6343590006431543
56.0 0.6358957384478774
56.1 0.6374303006080717
56.2 0.6389626645973224
56.300000000000004 0.6404928079928907
56.400000000000006 0.6420207084766875
56.5 0.6435463438362424
56.6 0.645069691965662
56.7 0.6465907308665833
56.800000000000004 0.6481094386491145
56.900000000000006 0.6496257935327758
57.0 0.6511397738474225
57.1 0.6526513580341671
57.2 0.6541605246462907
57.300000000000004 0.6556672523501456
57.400000000000006 0.657171519926051
57.5 0.6586733062691786
57.6 0.6601725903904327
57.7 0.6616693514173168
57.800000000000004 0.6631635685947976
57.900000000000006 0.6646552212861562
58.0 0.6661442889738295
58.1 0.6676307512602505
58.2 0.6691145878686692
58.300000000000004 0.6705957786439719
58.400000000000006 0.6720743035534901
58.5 0.6735501426877982
58.6 0.675023276261506
58.7 0.6764936846140368
58.800000000000004 0.677961348210402
58.900000000000006 0.6794262476419616
59.0 0.6808883636271801
59.1 0.6823476770123683
59.2 0.6838041687724193
59.300000000000004 0.6852578200115332
59.400000000000006 0.686708611963933
59.5 0.6881565259945713
59.6 0.6896015435998267
59.7 0.6910436464081906
59.800000000000004 0.6924828161809439
59.900000000000006 0.6939190348128271
60.0 0.6953522843326958
60.1 0.6967825469041684
60.2 0.6982098048262675
60.300000000000004 0.699634040534044
60.400000000000006 0.7010552365991983
60.5 0.7024733757306885
60.6 0.703888440775327
60.7 0.7053004147183707
60.800000000000004 0.7067092806840984
60.900000000000006 0.7081150219363773
61.0 0.7095176218792246
61.1 0.7109170640573518
61.2 0.7123133321567033
61.300000000000004 0.713706410004984
61.400000000000006 0.7150962815721746
61.5 0.7164829309710411
61.6 0.7178663424576266
61.7 0.7192465004317415
61.800000000000004 0.7206233894374363
61.900000000000006 0.7219969941634674
62.0 0.7233672994437496
62.1 0.7247342902578027
62.2 0.7260979517311847
62.300000000000004 0.7274582691359126
62.400000000000006 0.7288152278908753
62.5 0.7301688135622355
62.6 0.7315190118638236
62.7 0.7328658086575133
62.800000000000004 0.7342091899535949
62.900000000000006 0.7355491419111312
63.0 0.7368856508383107
63.1 0.7382187031927818
63.2 0.739548285581981
63.300000000000004 0.7408743847634481
63.400000000000006 0.7421969876451349
63.5 0.7435160812856969
63.6 0.7448316528947776
63.7 0.7461436898332864
63.800000000000004 0.7474521796136556
63.900000000000006 0.7487571099000945
64.0 0.7500584685088324
64.10000000000001 0.7513562434083466
64.2 0.752650422719582
64.3 0.7539409947161629
64.4 0.7552279478245874
64.5 0.7565112706244161
64.60000000000001 0.7577909518484501
64.7 0.7590669803828954
64.8 0.760339345267517
64.9 0.7616080356957858
65.0 0.7628730410150104
65.10000000000001 0.7641343507264589
65.2 0.7653919544854743
65.3 0.7666458421015725
65.4 0.7678960035385352
65.5 0.7691424289144893
65.60000000000001 0.7703851085019741
65.7 0.7716240327280047
65.8 0.7728591921741145
65.9 0.7740905775763981
66.0 0.7753181798255314
66.10000000000001 0.7765419899667954
66.2 0.777761999200076
66.3 0.7789781988798614
66.4 0.7801905805152262
66.5 0.7813991357698045
66.60000000000001 0.7826038564617573
66.7 0.7838047345637204
66.8 0.7850017622027504
66.9 0.786194931660255
67.0 0.787384235371918
67.10000000000001 0.7885696659276071
67.2 0.7897512160712774
67.3 0.7909288787008624
67.4 0.7921026468681546
67.5 0.793272513778674
67.60000000000001 0.7944384727915332
67.7 0.7956005174192832
67.8 0.7967586413277546
67.9 0.7979128383358901
68.0 0.7990631024155609
68.10000000000001 0.8002094276913804
68.2 0.8013518084405029
68.3 0.8024902390924128
68.4 0.8036247142287065
68.5 0.8047552285828629
68.60000000000001 0.8058817770400055
68.7 0.8070043546366499
68.8 0.8081229565604501
68.9 0.809237578149927
69.0 0.8103482148941925
69.10000000000001 0.8114548624326613
69.2 0.8125575165547558
69.3 0.8136561731996
69.4 0.8147508284557018
69.5 0.8158414785606318
69.60000000000001 0.8169281199006868
69.7 0.8180107490105486
69.8 0.819089362572931
69.9 0.8201639574182191
70.0 0.8212345305240979
70.10000000000001 0.8223010790151754
70.2 0.8233636001625921
70.3 0.8244220913836259
70.4 0.8254765502412856
70.5 0.8265269744438973
70.60000000000001 0.8275733618446809
70.7 0.8286157104413195
70.8 0.8296540183755172
70.9 0.8306882839325538
71.0 0.8317185055408247
71.10000000000001 0.8327446817713793
71.2 0.8337668113374445
71.3 0.8347848930939463
71.4 0.8357989260370158
71.5 0.8368089093034973
71.60000000000001 0.8378148421704381
71.7 0.8388167240545774
71.8 0.8398145545118245
71.9 0.8408083332367304
72.0 0.8417980600619495
72.10000000000001 0.842783734957698
72.2 0.8437653580312
72.3 0.8447429295261311
72.4 0.8457164498220487
72.5 0.8466859194338197
72.60000000000001 0.8476513390110412
72.7 0.8486127093374505
72.8 0.8495700313303315
72.9 0.8505233060399109
73.0 0.8514725346487513
73.10000000000001 0.8524177184711349
73.2 0.8533588589524403
73.3 0.8542959576685165
73.4 0.8552290163250424
73.5 0.8561580367568894
73.60000000000001 0.8570830209274723
73.7 0.8580039709280926
73.8 0.858920888977279
73.9 0.8598337774201218
74.0 0.8607426387275966
74.10000000000001 0.8616474754958894
74.2 0.8625482904457086
74.3 0.8634450864215961
74.4 0.864337866391231
74.5 0.8652266334447268
74.60000000000001 0.8661113907939253
74.7 0.8669921417716825
74.8 0.8678688898311527
74.9 0.8687416385450616
75.0 0.8696103916049805
75.10000000000001 0.8704751528205934
75.2 0.8713359261189547
75.3 0.8721927155437496
75.4 0.8730455252545433
75.5 0.8738943595260297
75.60000000000001 0.8747392227472714
75.7 0.8755801194209415
75.8 0.8764170541625523
75.9 0.877250031699688
76.0 0.8780790568712266
76.10000000000001 0.8789041346265639
76.2 0.879725270024825
76.3 0.8805424682340832
76.4 0.8813557345305616
76.5 0.8821650742978447
76.60000000000001 0.8829704930260731
76.7 0.8837719963111474
76.80000000000001 0.8845695898539155
76.9 0.8853632794593685
77.0 0.886153071035824
77.10000000000001 0.8869389705941119
77.2 0.8877209842467534
77.30000000000001 0.8884991182071429
77.4 0.8892733787887152
77.5 0.8900437724041239
77.60000000000001 0.8908103055644069
77.7 0.8915729848781514
77.80000000000001 0.892331817050663
77.9 0.8930868088831188
78.0 0.8938379672717311
78.10000000000001 0.8945852992069027
78.2 0.8953288117723797
78.30000000000001 0.8960685121444033
78.4 0.89680440759086
78.5 0.8975365054704288
78.60000000000001 0.8982648132317268
78.7 0.8989893384124519
78.80000000000001 0.8997100886385272
78.9 0.9004270716232392
79.0 0.9011402951663775
79.10000000000001 0.9018497671533723
79.2 0.9025554955544297
79.30000000000001 0.9032574884236674
79.4 0.9039557538982463
79.5 0.9046503001975057
79.60000000000001 0.9053411356220893
79.7 0.9060282685530828
79.80000000000001 0.9067117074511374
79.9 0.9073914608556001
80.0 0.9080675373836428
80.10000000000001 0.9087399457293873
80.2 0.9094086946630349
80.30000000000001 0.9100737930299903
80.4 0.9107352497499877
80.5 0.9113930738162183
80.60000000000001 0.9120472742944532
80.7 0.9126978603221708
80.80000000000001 0.9133448411076799
80.9 0.9139882259292474
81.0 0.9146280241342216
81.10000000000001 0.915264245138159
81.2 0.9158968984239478
81.30000000000001 0.9165259935409397
81.4 0.9171515401040681
81.5 0.9177735477929846
81.60000000000001 0.9183920263511774
81.7 0.9190069855851081
81.80000000000001 0.9196184353633334
81.9 0.920226385615641
82.0 0.9208308463321766
82.10000000000001 0.9214318275625772
82.2 0.922029339415104
82.30000000000001 0.9226233920557745
82.4 0.9232139957074997
82.5 0.9238011606492209
82.60000000000001 0.9243848972150422
82.7 0.924965215793377
82.80000000000001 0.9255421268260844
82.9 0.9261156408076089
83.0 0.9266857682841296
83.10000000000001 0.927252519852701
83.2 0.9278159061604014
83.30000000000001 0.9283759379034833
83.4 0.9289326258265211
83.5 0.9294859807215669
83.60000000000001 0.930036013427301
83.7 0.9305827348281939
83.80000000000001 0.9311261558536605
83.9 0.931666287477223
84.0 0.9322031407156744
84.10000000000001 0.9327367266282434
84.2 0.9332670563157625
84.30000000000001 0.9337941409198386
84.4 0.9343179916220249
84.5 0.9348386196429983
84.60000000000001 0.9353560362417357
84.7 0.9358702527146938
84.80000000000001 0.936381280394996
84.9 0.9368891306516148
85.0 0.9373938148885632
85.10000000000001 0.937895344544085
85.2 0.9383937310898515
85.30000000000001 0.9388889860301577
85.4 0.9393811209011232
85.5 0.9398701472698976
85.60000000000001 0.9403560767338667
85.7 0.9408389209198625
85.80000000000001 0.9413186914833773
85.9 0.9417954001077798
86.0 0.9422690585035375
86.10000000000001 0.9427396784074371
86.2 0.9432072715818144
86.30000000000001 0.9436718498137825
86.4 0.9441334249144686
86.5 0.9445920087182476
86.60000000000001 0.9450476130819887
86.7 0.9455002498842946
86.80000000000001 0.945949931024755
86.9 0.9463966684231954
87.0 0.9468404740189353
87.10000000000001 0.9472813597700472
87.2 0.947719337652622
87.30000000000001 0.9481544196600333
87.4 0.9485866178022121
87.5 0.9490159441049217
87.60000000000001 0.9494424106090377
87.7 0.94986602936983
87.80000000000001 0.9502868124562526
87.9 0.9507047719502325
88.0 0.9511199199459709
88.10000000000001 0.9515322685492379
88.2 0.9519418298766801
88.30000000000001 0.9523486160551276
88.4 0.9527526392209087
88.5 0.9531539115191654
88.60000000000001 0.9535524451031764
88.7 0.9539482521336806
88.80000000000001 0.9543413447782105
88.9 0.9547317352104254
89.0 0.9551194356094488
89.10000000000001 0.9555044581592156
89.2 0.9558868150478174
89.30000000000001 0.9562665184668564
89.4 0.9566435806108007
89.5 0.9570180136763489
89.60000000000001 0.9573898298617944
89.7 0.9577590413663957
89.80000000000001 0.9581256603897537
89.9 0.9584896991311901
90.0 0.9588511697891335
90.10000000000001 0.9592100845605085
90.2 0.9595664556401281
90.30000000000001 0.959920295220095
90.4 0.9602716154892041
90.5 0.9606204286323505
90.60000000000001 0.9609667468299422
90.7 0.9613105822573199
90.80000000000001 0.9616519470841773
90.9 0.9619908534739888
91.0 0.9623273135834433
91.10000000000001 0.9626613395618794
91.2 0.9629929435507287
91.30000000000001 0.9633221376829613
91.4 0.9636489340825374
91.5 0.9639733448638651
91.60000000000001 0.9642953821312601
91.7 0.9646150579784115
91.80000000000001 0.9649323844878551
91.9 0.9652473737304469
92.0 0.9655600377648451
92.10000000000001 0.9658703886369955
92.2 0.9661784383796221
92.30000000000001 0.9664841990117229
92.4 0.9667876825380696
92.5 0.967088900948713
92.60000000000001 0.9673878662184949
92.7 0.9676845903065605
92.80000000000001 0.9679790851558812
92.9 0.9682713626927774
93.0 0.96856143482645
93.10000000000001 0.9688493134485142
93.2 0.9691350104325408
93.30000000000001 0.9694185376335982
93.4 0.9696999068878053
93.5 0.969979130011883
93.60000000000001 0.9702562188027162
93.7 0.9705311850369162
93.80000000000001 0.9708040404703911
93.9 0.9710747968379202
94.0 0.9713434658527312
94.10000000000001 0.9716100592060868
94.2 0.9718745885668711
94.30000000000001 0.9721370655811855
94.4 0.9723975018719452
94.5 0.9726559090384841
94.60000000000001 0.9729122986561632
94.7 0.9731666822759827
94.80000000000001 0.9734190714242006
94.9 0.9736694776019552
95.0 0.9739179122848939
95.10000000000001 0.9741643869228046
95.2 0.9744089129392528
95.30000000000001 0.974651501731224
95.4 0.9748921646687715
95.5 0.9751309130946666
95.60000000000001 0.9753677583240556
95.7 0.9756027116441205
95.80000000000001 0.9758357843137461
95.9 0.9760669875631893
96.0 0.9762963325937539
96.10000000000001 0.9765238305774728
96.2 0.97674949265679
96.30000000000001 0.9769733299442529
96.4 0.9771953535222022
96.5 0.9774155744424752
96.60000000000001 0.9776340037261045
96.7 0.9778506523630298
96.80000000000001 0.9780655313118071
96.9 0.9782786514993274
97.0 0.9784900238205376
97.10000000000001 0.9786996591381675
97.2 0.9789075682824584
97.30000000000001 0.9791137620509001
97.4 0.9793182512079691
97.5 0.979521046484874
97.60000000000001 0.9797221585793021
97.7 0.9799215981551738
97.80000000000001 0.9801193758423988
97.9 0.980315502236639
98.0 0.980509987899073
98.10000000000001 0.9807028433561676
98.2 0.9808940790994517
98.30000000000001 0.9810837055852963
98.4 0.9812717332346964
98.5 0.9814581724330593
98.60000000000001 0.9816430335299969
98.7 0.9818263268391203
98.80000000000001 0.9820080626378415
98.9 0.982188251167176
99.0 0.982366902631553
99.10000000000001 0.9825440271986275
99.2 0.9827196349990963
99.30000000000001 0.9828937361265193
99.4 0.9830663406371448
99.5 0.9832374585497382
99.60000000000001 0.9834070998454143
99.7 0.9835752744674752
99.80000000000001 0.98374199232125
99.9 0.9839072632739415
100.0 0.9840710971544723
100.10000000000001 0.9842335037533401
100.2 0.9843944928224724
100.30000000000001 0.9845540740750875
100.4 0.9847122571855594
100.5 0.9848690517892841
100.60000000000001 0.9850244674825525
100.7 0.9851785138224258
100.80000000000001 0.9853312003266149
100.9 0.9854825364733624
101.0 0.9856325317013299
101.10000000000001 0.9857811954094885
101.2 0.9859285369570113
101.30000000000001 0.9860745656631723
101.4 0.9862192908072474
101.5 0.9863627216284166
101.60000000000001 0.9865048673256755
101.7 0.9866457370577444
101.80000000000001 0.9867853399429838
101.9 0.9869236850593137
102.0 0.987060781444134
102.10000000000001 0.9871966380942508
102.2 0.9873312639658051
102.30000000000001 0.9874646679742033
102.4 0.9875968589940541
102.5 0.9877278458591064
102.60000000000001 0.9878576373621905
102.7 0.9879862422551632
102.80000000000001 0.9881136692488564
102.9 0.9882399270130288
103.0 0.9883650241763191
103.10000000000001 0.9884889693262039
103.2 0.9886117710089597
103.30000000000001 0.9887334377296247
103.4 0.9888539779519666
103.5 0.988973400098453
103.60000000000001 0.9890917125502221
103.7 0.9892089236470605
103.80000000000001 0.9893250416873806
103.9 0.9894400749282024
104.0 0.9895540315851382
104.10000000000001 0.9896669198323795
104.2 0.9897787478026865
104.30000000000001 0.9898895235873821
104.4 0.989999255236347
104.5 0.990107950758017
104.60000000000001 0.9902156181193863
104.7 0.9903222652460087
104.80000000000001 0.9904279000220054
104.9 0.9905325302900744
105.0 0.9906361638515002
105.10000000000001 0.9907388084661701
105.2 0.9908404718525898
105.30000000000001 0.9909411616879025
105.4 0.9910408856079108
105.5 0.9911396512071016
105.60000000000001 0.9912374660386716
105.7 0.991334337614557
105.80000000000001 0.9914302734054649
105.9 0.9915252808409071
106.0 0.9916193673092351
106.10000000000001 0.9917125401576807
106.2 0.9918048066923948
106.30000000000001 0.9918961741784913
106.4 0.9919866498400915
106.5 0.9920762408603725
106.60000000000001 0.992164954381616
106.7 0.9922527975052604
106.80000000000001 0.9923397772919538
106.9 0.9924259007616109
107.0 0.9925111748934712
107.10000000000001 0.9925956066261575
107.2 0.9926792028577394
107.30000000000001 0.9927619704457966
107.4 0.9928439162074854
107.5 0.9929250469196061
107.60000000000001 0.9930053693186733
107.7 0.9930848901009875
107.80000000000001 0.9931636159227085
107.9 0.9932415533999313
108.0 0.9933187091087631
108.10000000000001 0.9933950895854027
108.2 0.9934707013262203
108.30000000000001 0.9935455507878413
108.4 0.9936196443872308
108.5 0.9936929885017778
108.60000000000001 0.9937655894693843
108.7 0.9938374535885548
108.80000000000001 0.9939085871184862
108.9 0.9939789962791608
109.0 0.9940486872514405
109.10000000000001 0.9941176661771625
109.2 0.9941859391592359
109.30000000000001 0.9942535122617412
109.4 0.9943203915100295
109.5 0.9943865828908248
109.60000000000001 0.9944520923523266
109.7 0.9945169258043152
109.80000000000001 0.9945810891182557
109.9 0.9946445881274073
110.0 0.9947074286269298
110.10000000000001 0.9947696163739959
110.2 0.9948311570878989
110.30000000000001 0.9948920564501685
110.4 0.9949523201046827
110.5 0.9950119536577826
110.60000000000001 0.9950709626783889
110.7 0.995129352698119
110.80000000000001 0.9951871292114055
110.9 0.9952442976756163
111.0 0.9953008635111738
111.10000000000001 0.9953568321016778
111.2 0.9954122087940284
111.30000000000001 0.9954669988985493
111.4 0.9955212076891133
111.5 0.9955748404032678
111.60000000000001 0.9956279022423615
111.7 0.9956803983716731
111.80000000000001 0.99573233392054
111.9 0.9957837139824872
112.0 0.995834543615359
112.10000000000001 0.9958848278414499
112.2 0.9959345716476381
112.30000000000001 0.995983779985517
112.4 0.9960324577715309
112.5 0.9960806098871099
112.60000000000001 0.996128241178804
112.7 0.996175356458422
112.80000000000001 0.9962219605031669
112.9 0.9962680580557747
113.0 0.9963136538246528
113.10000000000001 0.9963587524840197
113.2 0.996403358674045
113.30000000000001 0.9964474770009901
113.4 0.9964911120373497
113.5 0.9965342683219935
113.60000000000001 0.9965769503603092
113.7 0.9966191626243459
113.80000000000001 0.9966609095529567
113.9 0.9967021955519448
114.0 0.9967430249942074
114.10000000000001 0.9967834022198806
114.2 0.9968233315364863
114.30000000000001 0.9968628172190783
114.4 0.9969018635103887
114.5 0.996940474620976
114.60000000000001 0.9969786547293719
114.7 0.9970164079822303
114.80000000000001 0.9970537384944752
114.9 0.9970906503494504
115.0 0.9971271475990682
115.10000000000001 0.9971632342639591
115.2 0.9971989143336225
115.30000000000001 0.997234191766576
115.4 0.9972690704905071
115.5 0.9973035544024234
115.60000000000001 0.997337647368804
115.7 0.9973713532257515
115.80000000000001 0.997404675779143
115.9 0.9974376188047824
116.0 0.9974701860485534
116.10000000000001 0.9975023812265701
116.2 0.9975342080253309
116.30000000000001 0.9975656701018719
116.4 0.9975967710839178
116.5 0.9976275145700367
116.60000000000001 0.9976579041297929
116.7 0.9976879433039002
116.80000000000001 0.9977176356043753
116.9 0.997746984514691
117.0 0.9977759934899306
117.10000000000001 0.9978046659569415
117.2 0.9978330053144886
117.30000000000001 0.9978610149334077
117.4 0.997888698156761
117.5 0.9979160582999893
117.60000000000001 0.9979430986510665
117.7 0.9979698224706538
117.80000000000001 0.9979962329922533
117.9 0.9980223334223616
118.0 0.9980481269406241
118.10000000000001 0.9980736166999883
118.2 0.9980988058268584
118.30000000000001 0.9981236974212472
118.4 0.9981482945569317
118.5 0.9981726002816049
118.60000000000001 0.9981966176170305
118.7 0.9982203495591947
118.80000000000001 0.9982437990784606
118.9 0.9982669691197207
119.0 0.9982898626025493
119.10000000000001 0.9983124824213557
119.2 0.9983348314455366
119.30000000000001 0.9983569125196288
119.4 0.9983787284634599
119.5 0.9984002820723024
119.60000000000001 0.9984215761170233
119.7 0.9984426133442375
119.80000000000001 0.9984633964764579
119.9 0.9984839282122464